River,Site,Latitude,Longitude,MeanTempDriestQ,MeanTempWettestQ,TempAnnRange,MinTempColdestM,MaxTempWarmestM,TempSeasonality,Isothermality,MeanDiurnalTempRange,PrecipColdestQ,PrecipWarmestQ,PrecipDriestQ,PrecipWettestQ,PrecipSeasonality,PrecipDriestM,PrecipWettestM,AnnPrecip,MeanTempColdestQ,MeanTempWarmestQ,AnnMeanTemp,StreamOrder,DrainageArea,PCEmergentHerbWetlands100mBuff,PCWoodyWetlands100mBuff,PCCultivatedCrops100mBuff,PCPasture100mBuff,PCGrassland100mBuff,PCScrub100mBuff,PCMixedFor100mBuff,PCEvergreenFor100mBuff,PCDecidFor100mBuff,PCBarren100mBuff,PCDevHi100mBuff,PCDevMed100mBuff,PCDevLo100mBuff,PCDevOpen100mBuff,PCWater100mBuff,PCEmergentHerbWetlands1kmBuff,PCWoodyWetlands1kmBuff,PCCultivatedCrops1kmBuff,PCPasture1kmBuff,PCGrassland1kmBuff,PCScrub1kmBuff,PCMixedFor1kmBuff,PCEvergreenFor1kmBuff,PCDecidFor1kmBuff,PCBarren1kmBuff,PCDevHi1kmBuff,PCDevMed1kmBuff,PCDevLo1kmBuff,PCDevOpen1kmBuff,PCWater1kmBuff,PCEmergentHerbWetlands10kmBuff,PCWoodyWetlands10kmBuff,PCCultivatedCrops10kmBuff,PCPasture10kmBuff,PCGrassland10kmBuff,PCScrub10kmBuff,PCMixedFor10kmBuff,PCEvergreenFor10kmBuff,PCDecidFor10kmBuff,PCBarren10kmBuff,PCDevHi10kmBuff,PCDevMed10kmBuff,PCDevLo10kmBuff,PCDevOpen10kmBuff,PCWater10kmBuff,pH,PCSand,LOI,Elevation
Alplaus Kill,1027,42.929667,-73.98266,-37,131,396,-117,279,9605,29,117,212,276,212,278,12,62,96,1006,-49,199,80,3,68.3289,0,0.143,0,0.071,0,0.107,0.214,0,0.286,0,0,0,0,0.179,0,0,0.305,0.053,0.168,0.006,0.054,0.068,0.039,0.247,0,0,0,0.002,0.058,0,0.001,0.138,0.045,0.085,0.003,0.011,0.123,0.049,0.247,0,0.021,0.053,0.092,0.112,0.019,5.1,0.897435897,0.024947825,135
Ballston Creek,0,42.95915,-73.819983,-48,182,401,-117,284,9655,29,120,207,274,207,274,12,61,95,988,-48,203,82,1,46.5669,0,0,0,0.069,0,0,0,0.172,0.759,0,0,0,0,0,0,0,0.212,0.102,0.273,0,0,0.066,0.013,0.267,0,0,0,0.027,0.04,0,0.005,0.342,0.061,0.074,0.002,0.005,0.074,0.032,0.134,0.001,0.008,0.022,0.071,0.111,0.058,5.1,0.897435897,0.024947825,59
Batten Kill,382,43.097365,-73.141413,-42,195,411,-130,281,9624,31,130,216,297,211,297,14,63,109,1048,-55,195,75,3,246.4812,0,0.464,0,0.036,0,0.036,0,0,0.107,0,0,0,0.214,0.143,0,0.005,0.172,0,0.073,0,0.01,0.049,0.224,0.382,0,0,0.007,0.031,0.046,0,0.003,0.032,0.004,0.052,0.001,0.007,0.084,0.139,0.638,0,0,0.003,0.01,0.025,0.002,6.47,0.178571429,0.020662956,193
Beaver Kill,1211,42.068748,-74.204728,-34,171,374,-109,265,9200,30,113,252,304,248,319,10,76,113,1153,-46,192,77,2,64.5147,0,0.607,0,0,0,0,0.036,0,0.25,0,0,0,0,0.107,0,0,0.339,0.02,0.055,0.011,0,0.018,0.055,0.458,0,0,0,0.001,0.043,0,0,0.123,0.007,0.006,0.002,0.003,0.198,0.085,0.465,0.006,0,0.001,0.006,0.045,0.051,6.41,0.931034483,0.003618854,323
Big Brook,1033,43.320439,-75.34429,-50,90,391,-125,266,9716,28,113,280,305,258,318,10,79,115,1184,-61,190,70,3,45.9189,0,0.185,0,0,0,0.074,0,0,0.63,0,0,0,0,0.111,0,0.004,0.073,0.023,0.089,0.015,0.166,0.091,0.135,0.392,0,0,0,0,0.012,0,0.003,0.069,0.053,0.114,0.039,0.081,0.027,0.118,0.475,0.001,0,0.001,0.003,0.011,0.004,7.49,0.757575758,0.070233418,196
Boreas River,15,43.891673,-74.01499,-68,158,397,-152,245,9553,30,122,216,305,211,311,15,64,115,1064,-79,166,49,2,134.9415,0,0.033,0,0,0,0,0,0.433,0,0,0,0,0,0.367,0.167,0.004,0.199,0,0,0,0,0.049,0.599,0.103,0,0,0,0,0.027,0.019,0.01,0.115,0,0,0,0.002,0.132,0.24,0.475,0,0,0,0,0.006,0.019,6.11,0.96,0.015452657,487
Bullhead Pond Brook,178,43.80754,-74.04173,-67,158,394,-151,243,9489,30,121,224,307,220,313,14,66,115,1090,-78,166,50,2,6.6546,0,0,0,0,0,0,0.036,0.143,0.821,0,0,0,0,0,0,0,0.027,0,0,0,0,0.082,0.053,0.835,0,0,0,0,0.002,0.002,0.01,0.115,0,0,0,0.002,0.132,0.24,0.475,0,0,0,0,0.006,0.019,6.37,0.970588235,0.010929534,497
Cadman Creek,251,43.101747,-74.042986,-52,116,390,-132,258,9533,29,116,247,301,245,307,11,72,107,1138,-64,182,64,2,23.2704,0,0.207,0,0,0,0,0.069,0.517,0,0,0,0,0,0.207,0,0.005,0.14,0.006,0,0,0,0.233,0.408,0.147,0,0,0,0.002,0.059,0,0.004,0.29,0.029,0.12,0.004,0.003,0.038,0.203,0.065,0.008,0.001,0.002,0.013,0.05,0.17,6.28,0.833333333,0.045883428,384
Cedar River,37,43.792586,-74.289163,-68,156,391,-151,240,9434,31,122,228,303,225,312,13,67,111,1085,-79,163,49,3,241.0776,0,0.286,0,0,0,0,0,0.25,0,0,0,0,0,0,0.464,0.034,0.316,0,0.005,0.002,0.01,0.03,0.236,0.294,0,0,0,0,0.025,0.049,0.011,0.201,0,0,0.001,0.016,0.031,0.187,0.466,0,0,0,0.002,0.018,0.068,6.17,0.985074627,0.003892565,505
Chester Creek,65,43.668422,-73.788225,-53,177,409,-140,269,9788,30,124,209,283,206,284,14,63,107,1016,-66,187,66,2,88.3035,0,0.172,0,0,0,0,0,0.69,0,0,0,0.034,0,0.103,0,0.002,0.263,0.039,0,0.017,0,0.075,0.333,0.034,0,0.002,0.008,0.06,0.164,0.004,0.001,0.101,0.006,0.002,0.002,0.011,0.211,0.359,0.207,0,0,0.002,0.008,0.042,0.046,6.09,0.885714286,0.008477172,246
Cobleskill Creek,1055,42.710005,-74.333995,-48,176,390,-113,277,9483,30,118,202,276,202,283,13,60,97,990,-48,198,79,4,360.3843,0.269,0.077,0,0,0,0.192,0,0,0.115,0,0,0,0,0.346,0,0.003,0.047,0.352,0.099,0.004,0.037,0.017,0.03,0.098,0,0.002,0.044,0.116,0.119,0.033,0.001,0.064,0.104,0.275,0.005,0.004,0.127,0.05,0.282,0.001,0.001,0.005,0.02,0.053,0.009,8.43,0.989690722,0.00702127,180
Daly Creek,272,43.269326,-73.955921,-50,118,398,-135,263,9589,29,119,247,294,245,299,10,73,105,1124,-63,185,66,3,68.4405,0,0,0,0,0,0,0,0.379,0.483,0,0,0,0,0.138,0,0,0.065,0,0,0,0.004,0.094,0.436,0.355,0,0,0,0,0.038,0.009,0.005,0.082,0.004,0.001,0.002,0.006,0.113,0.239,0.458,0.003,0,0,0.002,0.017,0.067,6.12,0.846153846,0.026546703,279
Evas Kill,1052,42.928424,-74.127628,-38,130,393,-116,277,9561,30,118,215,276,215,280,12,63,97,1016,-50,198,78,2,29.6865,0,0,0,0.167,0,0,0.133,0.267,0.267,0,0,0,0,0.167,0,0,0.084,0.152,0.191,0,0,0.091,0.072,0.379,0,0,0,0,0.031,0,0.001,0.099,0.217,0.242,0.004,0.012,0.053,0.038,0.144,0.001,0.01,0.03,0.052,0.08,0.019,6.25,0.094444444,0.023899359,118
Fawn Lake,1117,42.568064,-74.176195,-63,155,375,-127,248,9231,29,111,221,300,221,307,13,66,106,1083,-63,176,61,2,5.4333,0,0,0,0,0,0,0.296,0.185,0.37,0,0,0,0,0,0.148,0,0.08,0,0.015,0.01,0,0.248,0.184,0.388,0,0,0,0.001,0.03,0.045,0.003,0.07,0.023,0.14,0.01,0.001,0.215,0.116,0.374,0,0,0,0.003,0.036,0.008,6.25,0.094444444,0.023899359,518
Fishkill Creek,1442,41.586321,-73.745521,-12,186,377,-91,286,9004,32,121,241,300,239,300,9,74,102,1107,-25,208,95,4,129.9762,0,0,0,0,0.226,0,0,0,0.226,0,0,0,0.129,0.419,0,0,0.162,0,0.139,0.056,0.042,0,0.009,0.31,0,0,0.027,0.145,0.11,0,0.005,0.055,0.009,0.175,0.004,0.035,0.013,0.023,0.497,0.004,0.003,0.015,0.062,0.084,0.015,6.55,0.633333333,0.056779699,91
Four Mile Brook,511,43.376747,-74.779332,-67,71,391,-147,244,9572,29,117,289,338,274,349,11,82,125,1290,-78,168,51,2,19.4283,0,0.357,0,0,0,0,0,0.071,0.321,0,0,0,0,0.25,0,0.023,0.239,0,0,0,0.025,0.121,0.349,0.201,0,0,0,0,0.03,0.012,0.012,0.157,0,0,0,0.019,0.11,0.068,0.6,0,0,0,0,0.006,0.027,6.23,0.970588235,0.019935118,512
Green River,385,43.103223,-73.211105,-41,196,412,-130,282,9657,31,130,207,293,203,293,15,60,108,1021,-55,196,76,2,78.9561,0,0,0.133,0.467,0,0,0,0,0,0,0,0,0.3,0.1,0,0,0.042,0.089,0.268,0.004,0.04,0.003,0,0.457,0,0,0,0.04,0.056,0,0.003,0.032,0.004,0.052,0.001,0.007,0.084,0.139,0.638,0,0,0.003,0.01,0.025,0.002,7.93,0.875,0.004968426,171
Hans Creek,249,43.127709,-74.10272,-47,121,395,-129,266,9584,29,118,244,291,242,298,10,71,103,1110,-59,188,69,2,71.2188,0,0.069,0,0.034,0,0,0,0.034,0.172,0,0,0,0,0.69,0,0,0.34,0,0.04,0.024,0.001,0.174,0.274,0.095,0,0,0,0,0.051,0,0.004,0.29,0.029,0.12,0.004,0.003,0.038,0.203,0.065,0.008,0.001,0.002,0.013,0.05,0.17,5.55,0.861111111,0.025248616,281
Hudson River,20,44.01607,-74.054193,-70,156,397,-154,243,9562,30,122,211,307,204,313,16,62,115,1049,-82,165,47,4,166.4775,0,0.207,0,0,0,0,0,0.207,0.172,0,0,0,0,0.345,0.069,0.028,0.177,0,0,0,0,0.03,0.261,0.431,0,0,0,0,0.024,0.049,0.01,0.094,0,0,0.001,0.021,0.171,0.267,0.387,0.001,0,0,0.001,0.005,0.042,4.23,0.774193548,0.093242621,523
Indian Brook,1968,41.411259,-73.914359,-9,204,371,-82,289,9048,30,114,258,305,258,308,8,78,106,1168,-21,213,98,2,12.9096,0,0,0,0,0,0,0,0,0.714,0,0,0.214,0,0.071,0,0,0.003,0,0,0,0.002,0.005,0.011,0.793,0,0,0.008,0.007,0.158,0.012,0.012,0.017,0.001,0.02,0.001,0.003,0.007,0.05,0.687,0.001,0.002,0.008,0.019,0.096,0.077,7.27,0.948717949,0.008755202,120
Indian Kill,0,42.871055,-73.908615,-46,182,396,-113,283,9643,29,116,202,271,202,273,12,60,94,973,-46,204,83,1,21.9744,0,0.296,0,0,0,0,0.407,0,0.296,0,0,0,0,0,0,0.009,0.217,0.007,0.01,0,0.006,0.071,0.04,0.302,0,0.002,0.009,0.114,0.213,0,0.001,0.138,0.045,0.085,0.003,0.011,0.123,0.049,0.247,0,0.021,0.053,0.092,0.112,0.019,7.27,0.948717949,0.008755202,96
Jassup River,40,43.582428,-74.40676,-67,158,391,-149,242,9465,30,120,269,319,261,328,10,77,116,1209,-78,165,50,3,111.4803,0,0.31,0,0,0,0,0,0,0.172,0,0,0,0,0.517,0,0.02,0.343,0,0,0,0.017,0.082,0.109,0.373,0,0,0,0,0.053,0.003,0.01,0.107,0,0,0,0.016,0.063,0.124,0.63,0,0,0,0,0.009,0.041,5.56,0.903225806,0.071620403,505
Kayaderosseras Creek,0,43.01922,-73.830175,-36,182,404,-119,285,9693,30,122,211,274,211,275,12,62,96,999,-49,203,82,3,277.263,0,0.571,0,0.286,0,0,0,0,0.143,0,0,0,0,0,0,0,0.474,0.017,0.056,0,0,0.029,0.01,0.264,0,0.003,0.013,0.044,0.09,0,0.005,0.342,0.061,0.074,0.002,0.005,0.074,0.032,0.134,0.001,0.008,0.022,0.071,0.111,0.058,5.56,0.903225806,0.071620403,67
Kennyetto Creek,246,43.070084,-74.156658,-45,123,393,-124,269,9574,30,118,237,287,236,295,11,69,102,1089,-56,191,72,3,68.0481,0,0.036,0,0.25,0,0,0,0.143,0,0,0,0,0,0.571,0,0,0.448,0.024,0.295,0,0,0.002,0.14,0.028,0,0,0,0.007,0.056,0,0.004,0.29,0.029,0.12,0.004,0.003,0.038,0.203,0.065,0.008,0.001,0.002,0.013,0.05,0.17,5.56,0.903225806,0.071620403,252
Keyser Kill,1066,42.490725,-74.36027,-60,157,375,-124,251,9210,29,112,206,291,206,299,14,61,103,1037,-60,177,63,1,31.0257,0,0,0,0,0.115,0,0,0.308,0.423,0,0,0,0,0.154,0,0,0.002,0,0.09,0.012,0,0.286,0.343,0.238,0,0,0,0,0.031,0,0.003,0.06,0.029,0.066,0.008,0.003,0.231,0.163,0.386,0.001,0,0,0.004,0.032,0.014,5.93,0.965517241,0.012723961,429
Kinderhook Creek,1173,42.492657,-73.451472,-35,173,390,-114,276,9303,31,123,214,295,212,295,13,64,100,1032,-47,194,78,3,185.2722,0,0,0,0.129,0,0,0,0,0.129,0,0,0,0.387,0.355,0,0,0.112,0.031,0.123,0,0.048,0.129,0.172,0.225,0,0,0.004,0.05,0.107,0,0.002,0.029,0.007,0.101,0.002,0.025,0.14,0.153,0.48,0,0.001,0.003,0.01,0.041,0.005,5.71,0.72972973,0.026032419,192
Landsman Kill,1450,41.923326,-73.910993,-18,185,385,-98,287,9150,31,123,235,293,231,304,11,71,106,1079,-30,207,92,2,31.248,0,0,0,0,0,0,0,0,0.154,0,0,0.077,0.115,0.231,0.423,0,0.008,0.06,0.196,0.005,0.003,0.003,0.013,0.222,0,0.021,0.1,0.178,0.178,0.012,0.012,0.047,0.017,0.124,0.001,0.025,0.034,0.049,0.436,0.006,0.012,0.026,0.048,0.076,0.087,6.07,0.425,0.056560235,52
Lansing Kill,1030,43.404334,-75.344078,-56,83,393,-134,259,9737,28,112,302,318,276,341,10,85,123,1255,-67,184,64,3,47.2986,0,0,0,0,0,0.036,0,0,0.857,0,0,0,0,0.107,0,0,0.149,0.006,0,0,0.049,0.019,0.024,0.74,0,0,0,0,0.012,0,0.003,0.069,0.053,0.114,0.039,0.081,0.027,0.118,0.475,0.001,0,0.001,0.003,0.011,0.004,5.09,0.243902439,0.06404034,274
Mill Brook,210,43.763674,-73.754512,-55,175,409,-142,267,9764,30,124,203,284,199,286,15,61,108,1001,-68,185,64,2,67.1436,0,0.517,0,0,0,0,0,0.276,0,0,0,0,0,0.207,0,0,0.123,0.007,0,0.002,0,0.046,0.45,0.138,0,0,0,0.012,0.076,0.146,0.001,0.093,0.001,0.001,0.004,0,0.096,0.287,0.388,0,0,0.001,0.008,0.025,0.095,8.45,0.909090909,0.023719133,255
Mill Creek,261,43.404398,-74.252016,-57,168,393,-139,254,9494,30,120,262,305,257,309,10,76,110,1173,-68,176,60,2,31.9653,0,0,0,0,0,0,0,0.808,0,0,0,0,0,0.192,0,0,0.011,0,0,0,0.001,0.292,0.478,0.194,0,0,0,0,0.022,0.001,0.004,0.045,0,0,0.001,0.002,0.182,0.183,0.552,0,0,0,0.001,0.014,0.016,5.44,0.696969697,0.103414205,371
Minots Corner,899,43.091945,-75.064318,-45,193,394,-121,273,9627,29,118,223,312,218,312,14,65,108,1108,-56,193,73,2,5.4765,0,0.231,0,0,0,0.269,0.308,0,0.192,0,0,0,0,0,0,0,0.054,0.134,0.188,0.012,0.049,0.162,0.004,0.389,0,0,0,0,0.009,0,0.005,0.055,0.104,0.252,0.037,0.101,0.066,0.042,0.266,0,0.001,0.004,0.022,0.031,0.014,6.53,0.694444444,0.077508976,207
Mohawk River,483,43.001598,-74.546771,-42,172,391,-118,273,9548,30,118,225,295,222,297,12,66,102,1073,-53,193,74,4,180.8316,0,0.192,0,0.5,0,0,0,0.077,0,0,0,0,0,0.231,0,0,0.072,0.176,0.338,0.001,0.012,0.01,0.228,0.048,0,0,0,0.031,0.078,0.005,0.003,0.132,0.183,0.192,0.008,0.019,0.05,0.149,0.202,0.002,0,0.002,0.007,0.041,0.01,6.7,0.894736842,0.046895642,195
New Pond Brook,220,44.076053,-73.659537,-61,171,411,-148,263,9848,29,123,187,284,180,285,18,56,108,956,-74,181,59,2,12.9321,0,0.429,0,0,0,0,0,0,0,0,0,0,0.036,0.536,0,0,0.135,0.005,0,0.004,0,0.262,0.412,0.022,0,0,0.022,0.051,0.083,0.004,0.002,0.056,0,0,0.001,0,0.202,0.332,0.361,0.002,0,0.001,0.005,0.018,0.019,6.3,0.606060606,0.005167678,311
North Branch West Stony Breek,311,43.252166,-74.328505,-55,170,390,-134,256,9528,30,118,264,309,259,311,9,77,110,1184,-66,179,62,3,50.8869,0,0,0,0,0,0,0.346,0.231,0.115,0,0,0,0,0.308,0,0,0.095,0,0,0,0,0.197,0.513,0.147,0,0,0,0,0.035,0.013,0.003,0.031,0,0.001,0.001,0.014,0.22,0.168,0.54,0,0,0,0.001,0.008,0.013,6.3,0.606060606,0.005167678,385
Paragon Brook,200,43.887672,-73.643238,-57,174,410,-144,266,9839,30,123,196,286,191,288,16,59,109,984,-70,185,63,2,23.8266,0,0.6,0,0,0,0,0,0.067,0.1,0,0,0,0,0.233,0,0.001,0.206,0.007,0,0.003,0,0.102,0.505,0.079,0,0,0,0,0.054,0.043,0.003,0.098,0.002,0.003,0.002,0.002,0.17,0.436,0.2,0.003,0,0.001,0.003,0.019,0.059,5.55,0.96,0.089771977,277
Plotter Kill,536,42.845497,-74.012915,-44,184,396,-111,285,9611,29,117,200,267,200,270,12,59,93,964,-44,205,85,2,16.6023,0,0,0.037,0.148,0,0,0,0,0.481,0,0,0,0.259,0.074,0,0,0.125,0.086,0.022,0,0,0.118,0.041,0.187,0.001,0.011,0.063,0.084,0.153,0.107,0.001,0.138,0.045,0.085,0.003,0.011,0.123,0.049,0.247,0,0.021,0.053,0.092,0.112,0.019,6.79,0.885714286,0.01512179,74
Potic Creek,1197,42.275279,-73.928113,-26,183,393,-107,286,9377,31,124,212,282,209,292,13,63,101,1013,-39,205,88,3,115.8984,0,0.138,0,0,0,0,0.241,0,0.345,0,0,0,0,0.276,0,0,0.106,0.12,0.055,0,0,0.127,0.054,0.436,0,0,0,0,0.103,0,0.006,0.149,0.048,0.057,0.001,0.01,0.134,0.07,0.378,0.001,0.003,0.008,0.022,0.089,0.024,6.79,0.885714286,0.01512179,47
Quacken Kill,1189,42.748357,-73.563029,-34,200,394,-114,280,9522,30,120,195,287,195,287,15,58,99,984,-46,200,81,2,55.1907,0,0,0,0.214,0,0,0,0,0.143,0,0,0.464,0,0.179,0,0.005,0.058,0.189,0.332,0.027,0.06,0.009,0.013,0.135,0,0.007,0.032,0.061,0.067,0.005,0.003,0.014,0.04,0.158,0.005,0.057,0.124,0.092,0.328,0.006,0.005,0.031,0.046,0.075,0.015,7.21,0.8,0.015950681,153
Robbs Creek,269,43.509772,-74.286186,-63,162,391,-145,246,9470,30,120,262,312,257,319,10,76,113,1183,-73,170,54,2,35.1243,0,0.571,0,0,0,0,0,0,0.25,0,0,0,0,0.179,0,0.006,0.127,0,0,0.002,0.001,0.026,0.047,0.722,0,0,0,0,0.068,0.001,0.008,0.055,0,0,0,0.011,0.079,0.072,0.713,0,0,0,0.001,0.013,0.047,7.52,0.942857143,0.006471697,461
Roeliff Jansen Kill,1159,42.006207,-73.715742,-23,181,388,-105,283,9182,32,126,231,297,226,302,11,69,103,1074,-36,202,87,3,408.6324,0,0,0,0.179,0,0.071,0,0.036,0.5,0,0,0,0.036,0.179,0,0,0.01,0.085,0.143,0,0.032,0.009,0.071,0.564,0.003,0,0,0.014,0.068,0,0.005,0.027,0.03,0.185,0.001,0.049,0.012,0.042,0.578,0,0,0.002,0.014,0.046,0.009,6.95,0.666666667,0.040205612,94
Saw Kill,1202,42.037053,-74.123401,-26,180,382,-104,278,9258,30,118,248,298,243,315,10,75,112,1126,-38,201,86,2,58.761,0,0.148,0,0,0,0.037,0.37,0.037,0.407,0,0,0,0,0,0,0,0.179,0.036,0.02,0.003,0.038,0.234,0.037,0.168,0,0.005,0.021,0.051,0.208,0,0,0.123,0.007,0.006,0.002,0.003,0.198,0.085,0.465,0.006,0,0.001,0.006,0.045,0.051,6.16,0.944444444,0.00365629,165
Sheriff Lake Outlet,237,43.390122,-74.593997,-66,72,390,-146,244,9523,30,117,294,333,281,347,10,83,125,1294,-77,168,51,2,11.1087,0,0,0,0,0,0,0.107,0,0.464,0,0,0,0,0.429,0,0.015,0.013,0.013,0,0.008,0.039,0.057,0.017,0.722,0,0,0,0,0.048,0.067,0.014,0.072,0,0,0.001,0.022,0.144,0.088,0.576,0,0,0,0,0.008,0.075,6.16,0.944444444,0.00365629,514
Snook Kill,388,43.198531,-73.655411,-38,201,409,-125,284,9741,30,125,204,276,203,276,14,59,100,987,-52,201,80,2,92.8791,0,0.143,0.036,0.071,0,0,0,0.107,0.25,0,0,0,0.321,0.071,0,0,0.269,0.355,0.057,0,0,0.019,0.012,0.061,0,0.001,0.01,0.104,0.113,0,0.001,0.308,0.103,0.16,0.003,0.022,0.041,0.074,0.152,0.001,0.003,0.005,0.033,0.065,0.029,6.14,0.928571429,0.003138378,66
Sprout Creek,1444,41.581503,-73.852583,-11,189,376,-87,289,9030,31,120,237,298,237,300,10,72,102,1100,-23,211,97,3,142.2666,0,0.107,0,0.286,0,0,0,0,0.571,0,0,0,0.036,0,0,0,0.022,0,0.186,0.023,0.026,0.006,0,0.197,0,0,0.079,0.268,0.193,0,0.005,0.055,0.009,0.175,0.004,0.035,0.013,0.023,0.497,0.004,0.003,0.015,0.062,0.084,0.015,5.69,0.948717949,0.055488234,70
Steele Creek,1048,42.994894,-75.060868,-43,192,392,-119,273,9563,30,118,211,304,208,304,15,62,106,1071,-54,192,73,3,49.7637,0,0.379,0,0,0,0.172,0,0,0.414,0,0,0,0,0.034,0,0.001,0.143,0.02,0.074,0.034,0.111,0.124,0.017,0.344,0,0,0,0.023,0.1,0.009,0.004,0.081,0.168,0.226,0.045,0.068,0.064,0.021,0.252,0,0.001,0.005,0.015,0.04,0.009,6.53,0.757575758,0.051637343,170
Sterling Creek,515,43.139072,-75.090916,-50,177,393,-128,265,9600,29,116,240,319,232,320,13,69,111,1157,-61,187,67,2,10.2546,0,0.321,0,0,0,0,0.179,0.107,0.393,0,0,0,0,0,0,0.006,0.072,0.009,0.112,0.03,0.112,0.142,0.11,0.397,0,0,0,0,0.01,0,0.005,0.055,0.104,0.252,0.037,0.101,0.066,0.042,0.266,0,0.001,0.004,0.022,0.031,0.014,7.46,0.857142857,0.013418781,272
Stewart Creek,367,43.530026,-74.144775,-59,166,393,-142,251,9486,30,121,247,302,244,307,11,73,110,1136,-71,173,57,2,42.0165,0,0.037,0,0,0,0,0.222,0.407,0,0,0,0,0,0.333,0,0.001,0.061,0,0,0.002,0.003,0.211,0.171,0.522,0,0,0,0,0.024,0.005,0.006,0.066,0,0,0,0,0.136,0.175,0.601,0,0,0,0,0.003,0.012,5.82,0.517241379,0.048926417,414
Stony Creek,1345,42.046664,-73.910765,-19,187,390,-100,290,9270,32,125,228,288,224,299,11,68,104,1055,-32,208,92,2,54.9837,0,0,0,0,0,0,0,0,0.733,0,0,0,0,0.267,0,0.179,0,0,0.166,0.008,0.032,0.006,0.049,0.503,0,0,0,0.021,0.036,0,0.017,0.043,0.035,0.218,0.004,0.03,0.063,0.041,0.332,0.001,0.003,0.013,0.047,0.068,0.085,5.66,0.177777778,0.038984084,21
Timmerman Creek,493,43.056705,-74.627278,-50,164,388,-126,262,9564,29,115,239,310,234,311,12,69,106,1135,-61,185,67,2,24.5151,0,0.385,0,0,0,0,0.115,0,0.308,0,0,0,0,0.192,0,0,0.232,0.016,0.042,0.05,0.042,0.1,0.154,0.303,0,0,0,0.006,0.054,0,0.003,0.132,0.183,0.192,0.008,0.019,0.05,0.149,0.202,0.002,0,0.002,0.007,0.041,0.01,6.12,0.742857143,0.048061224,339
Trout Brook,11,43.755304,-73.880445,-57,171,405,-144,261,9684,30,124,209,288,206,290,14,63,109,1024,-70,180,61,3,206.9118,0,0.345,0,0,0,0,0,0.448,0,0,0,0,0,0.172,0.034,0.005,0.179,0,0,0.001,0,0.211,0.442,0.115,0,0,0,0,0.024,0.024,0.002,0.131,0.001,0,0.003,0.001,0.212,0.272,0.279,0,0,0.001,0.005,0.032,0.059,5.85,0.766666667,0.057282643,300
Valatie Kill,1181,42.442041,-73.665175,-29,182,395,-110,285,9399,31,125,203,282,201,284,13,60,96,989,-41,203,85,2,103.8096,0,0,0,0,0,0,0,0.25,0.5,0,0,0,0.107,0.143,0,0.002,0.019,0.019,0.185,0,0.041,0.004,0.03,0.313,0,0.003,0.039,0.152,0.142,0.05,0.006,0.024,0.087,0.287,0.004,0.059,0.018,0.083,0.307,0.001,0.001,0.013,0.038,0.053,0.018,6.35,0.260869565,0.032166988,85
Wappinger Creek,1449,41.756316,-73.817385,-15,185,381,-95,286,9067,32,123,232,297,230,302,11,71,103,1079,-28,207,93,4,362.3733,0,0,0,0.519,0,0.296,0,0.185,0,0,0,0,0,0,0,0,0.017,0.013,0.179,0,0.025,0.038,0.138,0.403,0.013,0.019,0.031,0.053,0.071,0,0.002,0.035,0.01,0.207,0.001,0.05,0.018,0.035,0.467,0.001,0.008,0.032,0.051,0.079,0.004,5.94,0.814814815,0.031048206,57
Wharton Hollow Creek,1154,42.527149,-74.567477,-58,159,377,-122,255,9228,30,115,201,291,201,299,15,59,102,1024,-58,180,65,3,34.0038,0,0,0,0,0,0,0.074,0.259,0.185,0,0,0,0,0.481,0,0,0.017,0.006,0.28,0.016,0,0.189,0.136,0.312,0,0,0,0,0.044,0,0.003,0.061,0.01,0.101,0.02,0.005,0.169,0.105,0.486,0,0,0,0.001,0.033,0.006,7.19,0.903225806,0.015594406,454
